Year,Methane
1990,773.8548964
1991,777.0342209
1992,776.8697898
1993,764.0896713
1994,770.4504261
1995,767.9434057
1996,762.2038462
1997,747.1771101
1998,737.8214206
1999,723.4548736
2000,717.4739352
2001,712.676765
2002,706.3302419
2003,708.554517
2004,704.8867766
2005,717.3562047
2006,719.5806921
2007,725.9746404
2008,738.8895409
2009,735.3586952
2010,722.4105661
2011,717.4236902
2012,714.4011725
2013,721.4750556
2014,730.8286595
